pre_cells,ft_cells
CY25-05_1-#1,CY25-05_1-#14
CY25-05_1-#2,CY25-05_1-#16
CY25-05_1-#3,CY25-05_1-#18
CY25-05_1-#4,CY35-05_1-#2
CY25-05_1-#5,CY45-05_1-#22
CY25-05_1-#6,CY45-05_1-#23
CY25-05_1-#7,CY45-05_1-#24
CY25-05_1-#8,CY45-05_1-#26
CY25-05_1-#9,CY45-05_1-#27
CY25-05_1-#10,CY45-05_1-#28
CY25-05_1-#11,
CY25-05_1-#13,
CY25-05_1-#15,
CY25-05_1-#17,
CY35-05_1-#3,
CY45-05_1-#1,
CY45-05_1-#2,
CY45-05_1-#3,
CY45-05_1-#4,
CY45-05_1-#5,
CY45-05_1-#6,
CY45-05_1-#7,
CY45-05_1-#8,
CY45-05_1-#9,
CY45-05_1-#10,
CY45-05_1-#11,
CY45-05_1-#12,
CY45-05_1-#13,
CY45-05_1-#14,
CY45-05_1-#15,
CY45-05_1-#16,
CY45-05_1-#17,
CY45-05_1-#18,
CY45-05_1-#19,
CY45-05_1-#20,
